seed,summary_size,sum_weights,expected_total_mass,weight_mass_error,weighted_cost_sse,unweighted_cost_sse,weighted_vs_unweighted_cost_ratio,weighted_ari,unweighted_ari,weighted_nmi,unweighted_nmi
42,2115,9999.0,10000.0,1.0,33173.6488684537,33713.595564663,0.9839843040421579,0.6197857833938066,0.6082642386971943,0.7557796318744875,0.7491273780251616
77,2165,9999.0,10000.0,1.0,33172.02762472171,33767.33283805287,0.9823703809777863,0.6205270653089218,0.6080112437984467,0.7561083408690107,0.749700101983922
211,2184,9999.0,10000.0,1.0,33178.99633462525,36248.97618876672,0.9153085086278151,0.627479652868135,0.5821260885695397,0.758883688677937,0.7482439606824351
