seed,summary_size,sum_weights,expected_total_mass,weight_mass_error,weighted_cost_sse,unweighted_cost_sse,weighted_vs_unweighted_cost_ratio,weighted_ari,unweighted_ari,weighted_nmi,unweighted_nmi
42,248,10000.0,10000.0,0.0,33458.28081188274,38638.339899010134,0.8659347399327552,0.6321038613510246,0.5914551765394046,0.7610410469317102,0.7600368089526061
77,269,10000.0,10000.0,0.0,33529.2308737133,38119.731507582525,0.8795767847169618,0.6296520023816696,0.5809453802323248,0.7591137351347007,0.7393048113243259
211,245,10000.0,10000.0,0.0,35993.78020315594,35314.41201913497,1.0192377033957936,0.577008283917676,0.6459855220752915,0.7341233540633267,0.7671421020380131
