{
  "flat_summary": {
    "memory": 11520.0,
    "cost_sse": 632124.25,
    "ari": 0.9995429029826352,
    "nmi": 0.9992846394912983,
    "summary_size": 240
  },
  "merge_reduce": {
    "memory": 5424.0,
    "cost_sse": 1201663.25,
    "ari": 0.7488841633834624,
    "nmi": 0.885540436477566,
    "summary_size": 113
  }
}