{
  "flat_summary": {
    "memory": 11520.0,
    "cost_sse": 632124.375,
    "ari": 0.9995429029826352,
    "nmi": 0.9992846394912983,
    "summary_size": 240
  },
  "merge_reduce": {
    "memory": 5520.0,
    "cost_sse": 847861.125,
    "ari": 0.8377620549414262,
    "nmi": 0.9338980635316568,
    "summary_size": 115
  }
}