algorithm,ari_mean,ari_std,cost_ratio_vs_kmeans_mean,cost_ratio_vs_kmeans_std,cost_sse_mean,cost_sse_std,explanation_en,memory_mean,memory_std,nmi_mean,nmi_std,num_runs,quality_loss_pct_mean,quality_loss_pct_std,rank,runtime_sec_mean,runtime_sec_std,speedup_vs_kmeans,tradeoff_quality_loss_pct,tradeoff_score
KMeans(sk),0.65568,0.31857,1.0,0.0,1076930.21084,1147109.00344,"NMI/runtime/memory/SSE tradeoff qloss: 27.42% (0% is best). Mean NMI=0.7351, mean SSE=1076930.2108, speedup vs kmeans=1.00x, mean memory=2863591.11.",2863591.11111,3288255.6382,0.73514,0.27767,27.0,0.0,0.0,2.0,0.28378,0.28757,1.0,27.41539,-0.02662
[Ailon2009] Streaming k-means,0.55084,0.32306,1.81641,0.57129,2163849.81595,2776286.93046,"NMI/runtime/memory/SSE tradeoff qloss: 47.48% (0% is best). Mean NMI=0.6575, mean SSE=2163849.8160, speedup vs kmeans=0.38x, mean memory=12206.81.",12206.81481,9570.99816,0.65752,0.3199,27.0,81.64126,57.12908,5.0,0.74138,0.65343,0.38277,47.47993,-0.22726
[Boutsidis2014] RandomProj Streaming,0.56966,0.33572,1.08754,0.14657,1204116.17528,1362540.50559,"NMI/runtime/memory/SSE tradeoff qloss: 28.83% (0% is best). Mean NMI=0.6482, mean SSE=1204116.1753, speedup vs kmeans=1.63x, mean memory=3489.78.",3489.77777,2228.33372,0.64816,0.33478,27.0,8.7543,14.65751,3.0,0.17376,0.15919,1.63317,28.83019,-0.04077
[Charikar2003] PLS KMeans,0.65667,0.34447,0.97851,0.06084,1023781.18267,1057528.88556,"NMI/runtime/memory/SSE tradeoff qloss: 29.03% (0% is best). Mean NMI=0.7327, mean SSE=1023781.1827, speedup vs kmeans=0.00x, mean memory=250007.70.",250007.7037,247757.41857,0.73273,0.28937,27.0,-2.14877,6.08498,4.0,71.09731,57.45773,0.00399,29.02641,-0.04273
[Guha2002] Streaming k-means,0.6659,0.34103,0.98138,0.06941,1017094.40916,1049939.69368,"NMI/runtime/memory/SSE tradeoff qloss: 0.00% (0% is best). Mean NMI=0.7400, mean SSE=1017094.4092, speedup vs kmeans=0.41x, mean memory=10894.22.",10894.22222,13400.19698,0.73998,0.28506,27.0,-1.86176,6.94154,1.0,0.69087,0.56803,0.41075,0.0,0.24752
